[
  {
    "id": "edcc77bf-2053-4c16-9621-8c558cd07ae8",
    "data": [
      {
        "text": "Can you provide some ",
        "userDefined": false
      },
      {
        "text": "type",
        "meta": "@Resources",
        "alias": "Resources",
        "userDefined": true
      },
      {
        "text": " resources",
        "userDefined": false
      }
    ],
    "isTemplate": false,
    "count": 0,
    "lang": "en",
    "updated": 0
  },
  {
    "id": "e639960f-4381-415b-b759-030267ff0dca",
    "data": [
      {
        "text": "Can you me this today ",
        "userDefined": false
      },
      {
        "text": "12july",
        "meta": "@sys.date-time",
        "alias": "date-time",
        "userDefined": true
      }
    ],
    "isTemplate": false,
    "count": 0,
    "lang": "en",
    "updated": 0
  },
  {
    "id": "fadd6542-c692-497b-8a35-a5b9c113e082",
    "data": [
      {
        "text": "Can you send  me the Documents via courier to my address ",
        "userDefined": false
      },
      {
        "text": "chennai",
        "meta": "@sys.address",
        "alias": "address",
        "userDefined": true
      }
    ],
    "isTemplate": false,
    "count": 0,
    "lang": "en",
    "updated": 0
  },
  {
    "id": "9d37c4ba-0e73-4bd5-aec7-d43fac875a1f",
    "data": [
      {
        "text": "Can you send me the documents via skype I am providing my phone no ",
        "userDefined": false
      },
      {
        "text": "9987657865",
        "meta": "@sys.phone-number",
        "alias": "phone-number",
        "userDefined": true
      }
    ],
    "isTemplate": false,
    "count": 0,
    "lang": "en",
    "updated": 0
  },
  {
    "id": "00f60c49-9e8f-4c6a-bbf6-af8541653693",
    "data": [
      {
        "text": "Can you send me in my mai id ",
        "userDefined": false
      },
      {
        "text": "sushma@gmail.com",
        "meta": "@sys.email",
        "alias": "email",
        "userDefined": true
      }
    ],
    "isTemplate": false,
    "count": 0,
    "lang": "en",
    "updated": 0
  },
  {
    "id": "51b856be-a117-4256-b5b9-d036c3a0a842",
    "data": [
      {
        "text": "can you tell about data science",
        "userDefined": false
      }
    ],
    "isTemplate": false,
    "count": 0,
    "lang": "en",
    "updated": 0
  }
]